Component,Description,Group_code,Group_name,Supp_Cod,Supplier,ABC,Stock,Obs,Transit,Inspection,Reserved,Total_Stock,Sales_12M,Unfulfilled_12M,KanBan_Min,KanBan_Max,%_Export_12M,Safety_stock,RP,LT,LT+RP,Inventory_level,Demand_(LT+RP),On_demand,Origin,Cost,Currency,Multiplier,Total_Cost,Final_order,Final_order_baseline,Transit_2025-12,Transit_2026-01,Transit_2026-02,Transit_2026-03,NewProduct,IsException,Participacao,Participacao_Acumulada,New_ABC,check_abc,Venda_mensal,Alcance_-_Estoque_Atual,Alcance_-_Estoque_Total,Flag,Origem_Sugest_o,Cobertura,Nova_cobertura,Alcance_-_Estoque_total_+_Novo_pedido,Check_Suggestion,Min_Order_Value_Warning,Diferen_a_(Modelo_-_Baseline),Diferen_a_Abs,Compara__o,Alerta_(Diferen_a:_Modelo_-_Baseline),Model_vs_Demand_Ratio,Alerta_(Model_vs_Demand_Ratio),Sales-M6,Sales-M7,Sales-M8,Sales-M9,Sales-M10,Sales-M11,M_dia,DP,CV,CV_Flag,Nivel_de_Servico,Valor_cr_tico_da_normal_(Z),Z_Flag,Sigma_no_per_odo,Demanda_M_dia_no_Periodo,Estoque_de_Seguran_a,ROP,Order_Up_To,Service_Level,Venda_Perdida_Projetada_(Unid),Venda_Perdida_Projetada_($),Alerta_Ruptura
T7448,MOTOR DE PASSO IAC,TC25,IAC - ATUADOR,4863,ZHITESEN,A,4963,,10090,4963,1552,18464,27031,0,<NA>,10701,70.62,1491,65,107,172,4963,0,False,I,2.3,US$,10.0,0.0,0,0,3860,0,6230,0,False,False,3.92,3.92,A,True,2253,2,8,Não Comprar,Flag: Não Comprar,8.2,8.0,8,False,True,0,0,[Model == Baseline],🟢,0.0,🟢,3094,1756,3393,1784,3049,1919,2499.17,755.7,0.3,MÉDIO,0.95,1.64,95% de chance de não faltar,1809.48,14328.57,2967.54,16138.05,21552.92,MÉDIA VOLATILIDADE,0.0,0.0,🟢 Estoque Saudável
T7248,SENSOR TPS,TC05,TPS,4863,ZHITESEN,A,1003,,10230,1003,198,12038,18653,3,<NA>,6801,24.69,558,65,107,172,1003,0,False,I,2.3,US$,10.0,0.0,0,0,0,0,8240,0,False,False,2.71,6.63,A,True,1554,1,8,Não Comprar,Flag: Não Comprar,7.75,8.0,8,False,True,0,0,[Model == Baseline],🟢,0.0,🟢,1286,2337,1480,1221,2232,876,1572.0,586.29,0.37,MÉDIO,0.95,1.64,95% de chance de não faltar,1403.84,9012.8,2302.29,10416.64,13822.64,MÉDIA VOLATILIDADE,0.0,0.0,🟢 Estoque Saudável
T547.50,VALVULA TERMOSTATICA S/OURO,TC02,VALVULAS VT,2880,TCI GLOBAL CORP,A,5299,,3700,5298,0,14297,18062,0,<NA>,2,0.0,519,65,127,192,5299,0,False,I,3.63,US$,10.0,0.0,0,0,0,0,0,1700,False,True,2.62,9.25,A,True,1505,4,9,Não Comprar,Flag: Não Comprar,9.5,9.0,9,False,True,0,0,[Model == Baseline],🟢,0.0,🟢,1251,1354,1336,1500,1313,971,1287.5,175.55,0.14,BAIXO,0.98,2.05,99% de chance de não faltar,444.11,8240.0,910.43,8684.11,11473.69,DEMANDA PREVISÍVEL,0.0,0.0,🟢 Estoque Saudável
T7328,SENSOR DE VELOCIDADE,TC26,SENSOR VELOCIDADE,6523,ABORN,A,5001,,3660,5001,415,13247,14532,2,<NA>,801,15.55,712,65,107,172,5001,0,False,I,1.3,US$,10.0,0.0,0,0,690,0,0,1010,False,False,2.11,11.36,A,True,1211,4,11,Não Comprar,Flag: Não Comprar,10.94,11.0,11,False,False,0,0,[Model == Baseline],🟢,0.0,🟢,1379,1012,1360,1071,1581,662,1177.5,329.0,0.28,MÉDIO,0.95,1.64,95% de chance de não faltar,787.77,6751.0,1291.94,7538.77,10090.02,MÉDIA VOLATILIDADE,0.0,0.0,🟢 Estoque Saudável
T573.89,VALVULA TERMOSTATICA S/OURO,TC02,VALVULAS VT,2880,TCI GLOBAL CORP,A,2194,,5220,2131,290,9255,14532,12,<NA>,2,5.83,546,65,127,192,2194,0,False,I,5.1,US$,10.0,0.0,0,0,1400,0,0,1050,False,False,2.11,13.47,A,True,1211,2,8,Não Comprar,Flag: Não Comprar,7.64,8.0,8,False,True,0,0,[Model == Baseline],🟢,0.0,🟢,995,1157,1155,1565,1711,627,1201.67,392.06,0.33,MÉDIO,0.95,1.64,95% de chance de não faltar,991.84,7690.69,1626.62,8682.53,11286.15,MÉDIA VOLATILIDADE,0.0,0.0,🟢 Estoque Saudável
T7325,SENSOR DE VELOCIDADE,TC26,SENSOR VELOCIDADE,6523,ABORN,A,4831,,4250,4831,439,13473,14292,0,<NA>,801,27.17,339,65,107,172,4831,0,False,I,1.3,US$,10.0,0.0,0,0,1400,0,0,1340,False,False,2.07,15.54,A,True,1191,4,11,Não Comprar,Flag: Não Comprar,11.31,11.0,11,False,False,0,0,[Model == Baseline],🟢,0.0,🟢,1320,1069,1488,1092,1190,281,1073.33,418.23,0.39,MÉDIO,0.95,1.64,95% de chance de não faltar,1001.43,6153.76,1642.34,7155.19,9480.74,MÉDIA VOLATILIDADE,0.0,0.0,🟢 Estoque Saudável
T73019,SENSOR DE VELOCIDADE,TC26,SENSOR VELOCIDADE,6523,ABORN,A,1775,,5720,1774,62,9207,11766,16,<NA>,5901,10.5,282,65,107,172,1775,0,False,I,2.62,US$,10.0,0.0,0,0,1500,0,0,2790,False,False,1.71,17.25,A,True,980,2,9,Não Comprar,Flag: Não Comprar,9.39,9.0,9,False,False,0,0,[Model == Baseline],🟢,0.0,🟢,934,976,1002,1177,916,229,872.33,328.62,0.38,MÉDIO,0.95,1.64,95% de chance de não faltar,786.86,5001.36,1290.45,5788.22,7678.27,MÉDIA VOLATILIDADE,0.0,0.0,🟢 Estoque Saudável
T7275,SENSOR TPS,TC05,TPS,4863,ZHITESEN,A,701,,1950,901,36,3516,11630,0,<NA>,5101,4.65,502,65,107,172,701,0,False,I,2.5,US$,10.0,2225.0,890,3270,0,0,1950,0,False,False,1.69,18.94,A,True,969,1,4,Comprar,Modelo ML (100%),3.63,5.0,5,True,True,-2380,2380,[Baseline > Model],🔴,0.92,🟢,1095,1282,922,391,647,639,829.33,330.36,0.4,MÉDIO,0.95,1.64,95% de chance de não faltar,791.03,4754.83,1297.28,5545.86,7342.74,MÉDIA VOLATILIDADE,1149.600000000005,2874.0,🔴 Risco de Ruptura
T0911,CARCAÇA PLASTICA P/VT601,TC02,VALVULAS VT,2880,TCI GLOBAL CORP,A,3432,,2600,3431,671,8792,11601,10,<NA>,4801,55.29,597,65,127,192,3432,0,False,I,6.23,US$,10.0,0.0,0,0,0,0,0,0,False,False,1.68,20.62,A,True,967,4,9,Não Comprar,Flag: Não Comprar,9.09,9.0,9,False,True,0,0,[Model == Baseline],🟢,0.0,🟢,705,992,935,1563,1124,320,939.83,415.77,0.44,MÉDIO,0.95,1.64,95% de chance de não faltar,1051.82,6014.91,1724.99,7066.73,9103.03,MÉDIA VOLATILIDADE,0.0,0.0,🟢 Estoque Saudável
T70020,SENSOR DETONACAO,TC15,SENSOR DE DETONACAO,7908,FONAN AUTOMOTIVE,A,1486,,4580,1486,43,7509,11419,0,<NA>,5001,23.71,634,65,92,157,1486,0,False,I,3.4,US$,10.0,0.0,0,0,2700,0,1880,0,False,False,1.66,22.28,A,True,952,2,8,Não Comprar,Flag: Não Comprar,7.89,8.0,8,False,False,0,0,[Model == Baseline],🟢,0.0,🟢,971,851,1153,1084,735,676,911.67,190.73,0.21,MÉDIO,0.95,1.64,95% de chance de não faltar,436.32,4771.07,715.57,5207.39,7182.68,MÉDIA VOLATILIDADE,0.0,0.0,🟢 Estoque Saudável
T70316,SENSOR DE ROTACAO,TC29,SENSOR ROTACAO,6523,ABORN,A,2880,,3030,2880,134,8656,10916,1,<NA>,4601,9.02,351,65,107,172,2880,0,False,I,2.7,US$,10.0,0.0,0,0,560,0,0,890,False,False,1.58,23.86,A,True,910,3,10,Não Comprar,Flag: Não Comprar,9.51,10.0,10,False,False,0,0,[Model == Baseline],🟢,0.0,🟢,529,992,1011,839,1454,427,875.33,371.25,0.42,MÉDIO,0.95,1.64,95% de chance de não faltar,888.94,5018.56,1457.85,5907.5,7804.05,MÉDIA VOLATILIDADE,0.0,0.0,🟢 Estoque Saudável
T70577,SENSOR DE FASE,TC36,SENSOR DE FASE,6523,ABORN,A,1326,,4880,1326,40,7492,10215,0,<NA>,4001,3.09,323,65,107,172,1326,0,False,I,3.5,US$,10.0,0.0,0,0,810,0,0,2960,False,False,1.48,25.34,A,True,851,2,9,Não Comprar,Flag: Não Comprar,8.8,9.0,9,False,False,0,0,[Model == Baseline],🟢,0.0,🟢,826,650,880,964,1049,405,795.67,234.26,0.29,MÉDIO,0.95,1.64,95% de chance de não faltar,560.92,4561.84,919.91,5122.76,6846.71,MÉDIA VOLATILIDADE,0.0,0.0,🟢 Estoque Saudável
T7439,MOTOR DE PASSO IAC,TC25,IAC - ATUADOR,4863,ZHITESEN,A,2770,,3220,2770,506,8254,9918,0,<NA>,3001,95.89,766,65,107,172,2770,0,False,I,2.3,US$,10.0,0.0,0,0,1000,0,2220,0,False,False,1.44,26.78,A,True,826,3,10,Não Comprar,Flag: Não Comprar,9.99,10.0,10,False,True,0,0,[Model == Baseline],🟢,0.0,🟢,755,469,1077,538,381,165,564.17,316.87,0.56,ALTO,0.9,1.28,90% de chance de não faltar,758.73,3234.57,971.17,3993.3,5215.67,ALTA VOLATILIDADE,0.0,0.0,🟢 Estoque Saudável
T7441,MOTOR DE PASSO IAC,TC25,IAC - ATUADOR,4863,ZHITESEN,A,836,,4490,836,824,5338,9392,0,<NA>,3601,85.5,509,65,107,172,836,0,False,I,2.3,US$,10.0,1449.0,630,150,2190,0,1080,0,False,False,1.36,28.14,A,True,783,1,7,Comprar,Modelo ML (100%),6.82,8.0,8,True,True,480,480,[Model > Baseline],🟡,0.8,🟢,317,448,1167,720,771,278,616.83,337.73,0.55,ALTO,0.9,1.28,90% de chance de não faltar,808.67,3536.49,1035.1,4345.16,5681.62,ALTA VOLATILIDADE,0.0,0.0,🟢 Estoque Saudável
T7427,VALV. M.L. - IACV,TC04,IACV,4863,ZHITESEN,A,11,,5430,11,354,5098,9173,0,<NA>,3901,18.52,389,65,107,172,11,0,False,I,5.0,US$,10.0,6100.0,1220,250,2090,0,1500,0,False,False,1.33,29.47,A,True,764,0,7,Comprar,Modelo ML (100%),6.67,8.0,8,True,True,970,970,[Model > Baseline],🔴,1.6,🟢,674,828,1061,561,1260,362,791.0,330.11,0.42,MÉDIO,0.95,1.64,95% de chance de não faltar,790.43,4535.07,1296.3,5325.5,7039.33,MÉDIA VOLATILIDADE,0.0,0.0,🟢 Estoque Saudável
T70305,SENSOR DE ROTACAO,TC29,SENSOR ROTACAO,6523,ABORN,A,2657,,2570,2653,119,7761,8869,0,<NA>,3501,13.87,287,65,107,172,2657,0,False,I,3.12,US$,10.0,0.0,0,0,530,0,0,970,False,False,1.29,30.76,A,True,739,4,11,Não Comprar,Flag: Não Comprar,10.5,11.0,11,False,False,0,0,[Model == Baseline],🟢,0.0,🟢,909,795,831,936,692,448,768.5,179.43,0.23,MÉDIO,0.95,1.64,95% de chance de não faltar,429.63,4406.07,704.6,4835.7,6500.78,MÉDIA VOLATILIDADE,0.0,0.0,🟢 Estoque Saudável
T7447,MOTOR DE PASSO IAC,TC25,IAC - ATUADOR,4863,ZHITESEN,A,500,,6560,500,1580,5980,7930,0,<NA>,3801,99.16,1182,65,107,172,500,0,False,I,2.3,US$,10.0,0.0,0,0,4500,0,600,0,False,False,1.15,31.91,A,True,661,1,9,Não Comprar,Flag: Não Comprar,9.05,9.0,9,False,True,0,0,[Model == Baseline],🟢,0.0,🟢,740,720,2138,170,102,0,645.0,797.52,1.24,ALTO,0.9,1.28,90% de chance de não faltar,1909.61,3698.0,2444.3,5607.61,7005.11,ALTA VOLATILIDADE,0.0,0.0,🟢 Estoque Saudável
T0912L,CARCACA DE ALUMINIO,TC02,VALVULAS VT,2880,TCI GLOBAL CORP,A,1513,,2890,1513,21,5895,7720,0,<NA>,3001,6.61,540,65,127,192,1513,0,False,I,7.28,US$,10.0,0.0,0,0,100,0,0,810,False,False,1.12,33.03,A,True,643,2,9,Não Comprar,Flag: Não Comprar,9.17,9.0,9,False,True,0,0,[Model == Baseline],🟢,0.0,🟢,463,511,725,766,723,405,598.83,156.85,0.26,MÉDIO,0.95,1.64,95% de chance de não faltar,396.8,3832.51,650.76,4229.31,5526.78,MÉDIA VOLATILIDADE,0.0,0.0,🟢 Estoque Saudável
T7004,SENSOR DETONACAO,TC15,SENSOR DE DETONACAO,7909,FLY AUTO PARTS CO.,A,2913,,1240,2913,0,7066,7601,0,<NA>,3001,0.13,490,65,92,157,2913,0,False,I,2.8,US$,10.0,0.0,0,0,0,0,1240,0,False,False,1.1,34.13,A,True,633,5,11,Não Comprar,Flag: Não Comprar,11.16,11.0,11,False,False,0,0,[Model == Baseline],🟢,0.0,🟢,626,277,219,1025,879,311,556.17,340.77,0.61,ALTO,0.9,1.28,90% de chance de não faltar,779.56,2910.62,997.84,3690.18,4895.22,ALTA VOLATILIDADE,0.0,0.0,🟢 Estoque Saudável
T483.82,VALVULA TERMOSTATICA S/OURO,TC02,VALVULAS VT,2880,TCI GLOBAL CORP,A,25,,4250,25,62,4238,7227,5,<NA>,301,18.53,511,65,127,192,25,0,False,I,9.47,US$,10.0,0.0,0,0,200,0,0,2550,False,False,1.05,35.18,A,True,602,0,7,Não Comprar,Flag: Não Comprar,7.04,7.0,7,False,True,0,0,[Model == Baseline],🟢,0.0,🟢,585,580,873,1043,911,218,701.67,300.68,0.43,MÉDIO,0.95,1.64,95% de chance de não faltar,760.67,4490.69,1247.49,5251.36,6771.64,MÉDIA VOLATILIDADE,0.0,0.0,🟢 Estoque Saudável
T7444,MOTOR DE PASSO IAC,TC25,IAC - ATUADOR,4863,ZHITESEN,A,1951,,2160,1951,220,5842,7109,0,<NA>,3001,38.23,364,65,107,172,1951,0,False,I,2.3,US$,10.0,0.0,0,0,730,0,770,0,False,False,1.03,36.21,A,True,592,3,10,Não Comprar,Flag: Não Comprar,9.87,10.0,10,False,True,0,0,[Model == Baseline],🟢,0.0,🟢,647,213,1160,543,511,335,568.17,328.91,0.58,ALTO,0.9,1.28,90% de chance de não faltar,787.55,3257.51,1008.07,4045.06,5276.1,ALTA VOLATILIDADE,0.0,0.0,🟢 Estoque Saudável
T71061,SENSOR MAP,TC08,MAP,4994,SKK,A,58,,3580,58,481,3215,6703,0,<NA>,2201,100.0,1249,65,88,153,58,0,False,I,4.0,US$,10.0,4200.0,1050,700,2500,0,1080,0,False,False,0.97,37.18,A,True,559,0,6,Comprar,Modelo ML (100%),5.75,8.0,8,True,True,350,350,[Model > Baseline],🟢,1.88,🟢,374,518,560,456,1120,222,541.67,307.57,0.57,ALTO,0.9,1.28,90% de chance de não faltar,694.59,2762.52,889.08,3457.11,4630.73,ALTA VOLATILIDADE,0.0,0.0,🟢 Estoque Saudável
T73026,SENSOR DE VELOCIDADE,TC26,SENSOR VELOCIDADE,6523,ABORN,A,1175,,2190,1175,10,4530,6127,0,<NA>,2201,2.86,230,65,107,172,1175,0,False,I,2.5,US$,10.0,0.0,0,0,480,0,0,870,False,False,0.89,38.07,A,True,511,2,9,Não Comprar,Flag: Não Comprar,8.86,9.0,9,False,False,0,0,[Model == Baseline],🟢,0.0,🟢,477,661,437,566,394,458,498.83,97.74,0.2,BAIXO,0.98,2.05,99% de chance de não faltar,234.03,2859.96,479.77,3093.99,4174.79,DEMANDA PREVISÍVEL,0.0,0.0,🟢 Estoque Saudável
T70558,SENSOR DE FASE,TC36,SENSOR DE FASE,6523,ABORN,A,1853,,2150,1853,563,5293,6028,0,<NA>,2801,100.0,806,65,107,172,1853,0,False,I,2.81,US$,10.0,0.0,0,0,1680,0,0,10,False,False,0.87,38.94,A,True,502,4,11,Não Comprar,Flag: Não Comprar,10.54,11.0,11,False,False,0,0,[Model == Baseline],🟢,0.0,🟢,674,562,736,382,166,25,424.17,285.1,0.67,ALTO,0.9,1.28,90% de chance de não faltar,682.65,2431.91,873.8,3114.56,4033.6,ALTA VOLATILIDADE,0.0,0.0,🟢 Estoque Saudável
T7489,MOTOR DE PASSO IAC,TC25,IAC - ATUADOR,4863,ZHITESEN,A,4364,,0,4364,42,8686,5773,0,<NA>,1401,100.0,1192,65,107,172,4364,0,False,I,2.3,US$,10.0,0.0,0,0,0,0,0,0,False,False,0.84,39.78,A,True,481,9,18,Não Comprar,Flag: Não Comprar,18.06,18.0,18,False,True,0,0,[Model == Baseline],🟢,0.0,🟢,3150,1179,156,0,34,33,758.67,1255.84,1.66,ALTO,0.9,1.28,90% de chance de não faltar,3007.03,4349.71,3849.0,7356.74,9000.52,ALTA VOLATILIDADE,0.0,0.0,🟢 Estoque Saudável
T70436,SENSOR DE ROTACAO,TC29,SENSOR ROTACAO,6523,ABORN,A,2168,,1570,2168,481,5425,5588,2,<NA>,2301,44.49,408,65,107,172,2168,0,False,I,2.7,US$,10.0,0.0,0,0,220,0,0,970,False,False,0.81,40.59,A,True,466,5,12,Não Comprar,Flag: Não Comprar,11.64,12.0,12,False,False,0,0,[Model == Baseline],🟢,0.0,🟢,474,505,571,478,577,60,444.17,193.42,0.44,MÉDIO,0.95,1.64,95% de chance de não faltar,463.13,2546.57,759.54,3009.7,3972.07,MÉDIA VOLATILIDADE,0.0,0.0,🟢 Estoque Saudável
T7422,VALV. M.L. - IACV,TC04,IACV,4863,ZHITESEN,A,285,,2900,285,195,3275,5492,0,<NA>,1901,34.16,306,65,107,172,285,0,False,I,12.0,US$,10.0,0.0,0,0,500,0,2040,0,False,False,0.8,41.39,A,True,458,1,7,Não Comprar,Flag: Não Comprar,7.15,7.0,7,False,True,0,0,[Model == Baseline],🟢,0.0,🟢,473,546,425,407,542,472,477.5,57.67,0.12,BAIXO,0.98,2.05,99% de chance de não faltar,138.09,2737.67,283.08,2875.76,3910.34,DEMANDA PREVISÍVEL,0.0,0.0,🟢 Estoque Saudável
T7272,SENSOR TPS,TC05,TPS,4863,ZHITESEN,A,878,,2570,878,570,3756,5461,0,<NA>,2101,95.4,445,65,107,172,878,0,False,I,2.9,US$,10.0,0.0,0,0,0,0,2570,0,False,False,0.79,42.18,A,True,455,2,8,Não Comprar,Flag: Não Comprar,8.25,8.0,8,False,True,0,0,[Model == Baseline],🟢,0.0,🟢,457,857,584,638,522,210,544.67,213.55,0.39,MÉDIO,0.95,1.64,95% de chance de não faltar,511.33,3122.77,838.58,3634.1,4814.22,MÉDIA VOLATILIDADE,0.0,0.0,🟢 Estoque Saudável
T73025,SENSOR DE VELOCIDADE,TC26,SENSOR VELOCIDADE,8479,KEFENG,A,934,,3030,934,553,4345,5411,0,<NA>,2501,100.0,1058,65,107,172,934,0,False,I,1.16,US$,10.0,0.0,0,0,1800,1230,0,0,False,False,0.78,42.96,A,True,451,2,10,Não Comprar,Flag: Não Comprar,9.63,10.0,10,False,False,0,0,[Model == Baseline],🟢,0.0,🟢,344,788,767,361,20,0,380.0,344.06,0.91,ALTO,0.9,1.28,90% de chance de não faltar,823.83,2178.67,1054.5,3002.5,3825.83,ALTA VOLATILIDADE,0.0,0.0,🟢 Estoque Saudável
T71050,SENSOR MAP,TC08,MAP,4994,SKK,A,1963,,1580,1963,289,5217,5393,0,<NA>,1201,78.75,392,65,88,153,1963,0,False,I,5.0,US$,10.0,0.0,0,0,0,0,1580,0,False,False,0.78,43.74,A,True,449,4,12,Não Comprar,Flag: Não Comprar,11.62,12.0,12,False,True,0,0,[Model == Baseline],🟢,0.0,🟢,2118,344,84,104,179,141,495.0,800.49,1.62,ALTO,0.9,1.28,90% de chance de não faltar,1807.76,2524.5,2313.93,4332.26,5404.76,ALTA VOLATILIDADE,0.0,0.0,🟢 Estoque Saudável
