Component,Description,Group_code,Group_name,Supp_Cod,Supplier,Cod_X,ABC,Stock,Transit,Inspection,Reserved,Total_Stock,Sales_12M,Lost_12M,Unfulfilled_12M,KanBan_Min,KanBan_Max,Order_sug,Final_order,Total_Stock_Sales_12M,Order_sug_Sales_12M,%_Export_12M,Safety_stock,RP,LT,LT+RP,Inventory_level,Demand_(LT+RP),On_demand,Origin,Cost,Currency,Multiplier,Total_Cost,base_month,base_date
T0911,CARCAÇA PLASTICA P/VT601,TC02,VALVULAS VT,2880,TCI GLOBAL CORP,X000929,A,2062.0,0,0,671,1391.0,22439,0.0,20.0,nan,4801,6340.0,6340.0,nan,nan,50.43896786844334,0.0,65,127,192,2062.0,7725,False,I,6.23,US$,10.0,39498.200000000004,2019-12-01,2019-12-31
T0912L,CARCACA DE ALUMINIO,TC02,VALVULAS VT,2880,TCI GLOBAL CORP,X000923,A,392.0,0,0,21,371.0,15065,0.0,0.0,nan,3001,3700.0,3700.0,nan,nan,5.741785595751742,0.0,65,127,192,392.0,4068,False,I,7.28,US$,10.0,26936.0,2019-12-01,2019-12-31
T322.88,VALVULA TERMOSTATICA S/OURO,TC02,VALVULAS VT,2880,TCI GLOBAL CORP,X000032,D,47.0,0,0,0,47.0,462,0.0,5.0,nan,151,110.0,110.0,nan,nan,0.4329004329004329,0.0,65,127,192,47.0,154,False,I,10.4,US$,10.0,1144.0,2019-12-01,2019-12-31
T323.88,VALVULA TERMOSTATICA S/OURO,TC02,VALVULAS VT,2880,TCI GLOBAL CORP,X000033,C,289.0,0,0,0,289.0,961,0.0,3.0,nan,201,0.0,0.0,nan,nan,0.41623309053069724,0.0,65,127,192,289.0,280,False,I,10.86,US$,10.0,0.0,2019-12-01,2019-12-31
T3245,SENSOR DE TEMPERATURA,3000,SENSORES,6615,AUTOTEC,X000865,B,685.0,0,0,0,685.0,4909,0.0,0.0,nan,1001,680.0,680.0,nan,nan,17.376247708290897,0.0,65,127,192,685.0,1365,False,I,1.28,US$,10.0,870.4,2019-12-01,2019-12-31
T355.82,VALVULA TERMOSTATICA S/OURO,TC02,VALVULAS VT,2880,TCI GLOBAL CORP,X000052,D,68.0,0,0,0,68.0,223,0.0,0.0,nan,61,0.0,0.0,nan,nan,4.0358744394618835,0.0,65,127,192,68.0,64,False,I,4.03,US$,10.0,0.0,2019-12-01,2019-12-31
T368.88,VALVULA TERMOSTATICA S/OURO,TC02,VALVULAS VT,2880,TCI GLOBAL CORP,X000054,C,221.0,0,0,0,221.0,245,0.0,0.0,nan,101,0.0,0.0,nan,nan,0.0,0.0,65,127,192,221.0,51,False,I,10.86,US$,10.0,0.0,2019-12-01,2019-12-31
T375.88,VALVULA TERMOSTATICA S/OURO,TC02,VALVULAS VT,2880,TCI GLOBAL CORP,X000056,D,105.0,0,0,0,105.0,220,0.0,0.0,nan,71,0.0,0.0,nan,nan,45.909090909090914,0.0,65,127,192,105.0,45,False,I,3.02,US$,10.0,0.0,2019-12-01,2019-12-31
T378.88,VALVULA TERMOSTATICA S/OURO,TC02,VALVULAS VT,2880,TCI GLOBAL CORP,X000059,C,142.0,0,0,0,142.0,294,0.0,0.0,nan,71,0.0,0.0,nan,nan,78.2312925170068,0.0,65,127,192,142.0,25,False,I,3.16,US$,10.0,0.0,2019-12-01,2019-12-31
T4098,PLUG ELETRONICO,3001,PLUG ELETRONICO,2102,FAE,X000073,D,52.0,0,0,0,52.0,40,0.0,0.0,nan,11,0.0,0.0,nan,nan,57.49999999999999,0.0,35,43,78,52.0,1,False,I,5.1,EUR,10.0,0.0,2019-12-01,2019-12-31
T4249,PLUG ELETRONICO,3001,PLUG ELETRONICO,7909,FLY AUTO PARTS CO.,X000981,B,509.0,0,0,108,401.0,6360,0.0,0.0,nan,1101,0.0,0.0,nan,nan,58.89937106918239,0.0,65,92,157,509.0,118,False,I,1.5,US$,10.0,0.0,2019-12-01,2019-12-31
T4250,PLUG ELETRONICO,3001,PLUG ELETRONICO,7542,HLO-CENWAN,X000982,D,212.0,0,0,0,212.0,279,0.0,0.0,nan,71,0.0,0.0,nan,nan,0.0,0.0,65,107,172,212.0,17,False,I,2.7,US$,10.0,0.0,2019-12-01,2019-12-31
T4260,PLUG ELETRONICO,3001,PLUG ELETRONICO,7909,FLY AUTO PARTS CO.,X000955,D,229.0,0,0,0,229.0,46,0.0,0.0,nan,11,0.0,0.0,nan,nan,100.0,0.0,65,92,157,229.0,50,False,I,2.0,US$,10.0,0.0,2019-12-01,2019-12-31
T432.83,VALVULA TERMOSTATICA S/OURO,TC02,VALVULAS VT,5024,OSSCA,X000085,B,920.0,0,0,0,920.0,4260,0.0,2.0,nan,2,0.0,0.0,nan,nan,0.11737089201877934,0.0,65,127,192,920.0,191,False,I,5.7,US$,10.0,0.0,2019-12-01,2019-12-31
T443.71,VALVULA TERMOSTATICA S/OURO,TC02,VALVULAS VT,2880,TCI GLOBAL CORP,X000086,B,0.0,0,0,0,0.0,1608,66.08219178082192,0.0,nan,2,500.0,500.0,nan,nan,100.0,0.0,65,127,192,0.0,500,True,I,3.14,US$,10.0,1570.0,2019-12-01,2019-12-31
T443.82,VALVULA TERMOSTATICA S/OURO,TC02,VALVULAS VT,2880,TCI GLOBAL CORP,X000087,A,1066.0,0,0,140,926.0,8908,0.0,12.0,nan,2,0.0,0.0,nan,nan,19.11764705882353,0.0,65,127,192,1066.0,856,False,I,3.14,US$,10.0,0.0,2019-12-01,2019-12-31
T451.71,VALVULA TERMOSTATICA S/OURO,TC02,VALVULAS VT,2880,TCI GLOBAL CORP,X000088,C,249.0,0,0,200,49.0,1445,399.8493150684931,0.0,nan,301,0.0,0.0,nan,nan,100.0,0.0,65,127,192,249.0,0,True,I,2.97,US$,10.0,0.0,2019-12-01,2019-12-31
T451.76,VALVULA TERMOSTATICA S/OURO,TC02,VALVULAS VT,2880,TCI GLOBAL CORP,X000089,D,100.0,0,0,0,100.0,98,89.94520547945206,0.0,nan,101,0.0,0.0,nan,nan,100.0,0.0,65,127,192,100.0,0,True,I,2.97,US$,10.0,0.0,2019-12-01,2019-12-31
T471.80/87,VALVULA TERMOSTATICA S/OURO,TC02,VALVULAS VT,2880,TCI GLOBAL CORP,X000956,A,19.0,0,0,1094,-1075.0,2919,0.0,20.0,nan,801,1080.0,1080.0,nan,nan,25.24837273038712,0.0,65,127,192,19.0,0,False,I,7.35,US$,10.0,7938.0,2019-12-01,2019-12-31
T471.93/88,VALVULA TERMOSTATICA S/OURO,TC02,VALVULAS VT,2880,TCI GLOBAL CORP,X000947,C,2040.0,0,0,208,1832.0,2313,0.0,0.0,nan,601,0.0,0.0,nan,nan,97.66536964980544,0.0,65,127,192,2040.0,0,False,I,7.35,US$,10.0,0.0,2019-12-01,2019-12-31
T474.95,VALVULA TERMOSTATICA S/OURO,TC02,VALVULAS VT,2880,TCI GLOBAL CORP,X000901,C,191.0,0,0,18,173.0,1227,0.0,0.0,nan,301,80.0,80.0,nan,nan,31.377343113284432,0.0,65,127,192,191.0,247,False,I,2.02,US$,10.0,161.6,2019-12-01,2019-12-31
T475.95,VALVULA TERMOSTATICA S/OURO,TC02,VALVULAS VT,2880,TCI GLOBAL CORP,X000902,B,152.0,0,0,245,-93.0,4737,0.0,10.0,nan,2,1060.0,1060.0,nan,nan,17.057209204137642,0.0,65,127,192,152.0,965,False,I,1.84,US$,10.0,1950.4,2019-12-01,2019-12-31
T476.80,VALVULA TERMOSTATICA S/OURO,TC02,VALVULAS VT,2880,TCI GLOBAL CORP,X000904,B,400.0,0,0,30,370.0,5258,14.405479452054795,10.0,nan,2,380.0,380.0,nan,nan,15.519208824648157,0.0,65,127,192,400.0,743,False,I,1.84,US$,10.0,699.2,2019-12-01,2019-12-31
T476.87,VALVULA TERMOSTATICA S/OURO,TC02,VALVULAS VT,2880,TCI GLOBAL CORP,X000903,D,154.0,0,0,10,144.0,12,0.0,0.0,nan,2,0.0,0.0,nan,nan,0.0,0.0,65,127,192,154.0,0,False,I,1.73,US$,10.0,0.0,2019-12-01,2019-12-31
T477.87,VALVULA TERMOSTATICA S/OURO,TC02,VALVULAS VT,2880,TCI GLOBAL CORP,X000890,C,265.0,0,0,30,235.0,909,0.0,0.0,nan,301,0.0,0.0,nan,nan,100.0,0.0,65,127,192,265.0,13,False,I,1.88,US$,10.0,0.0,2019-12-01,2019-12-31
T478.105,VALVULA TERMOSTATICA S/OURO,TC02,VALVULAS VT,2880,TCI GLOBAL CORP,X000893,D,89.0,0,0,15,74.0,18,6.657534246575342,0.0,nan,2,0.0,0.0,nan,nan,100.0,0.0,65,127,192,89.0,0,False,I,1.92,US$,10.0,0.0,2019-12-01,2019-12-31
T478.87,VALVULA TERMOSTATICA S/OURO,TC02,VALVULAS VT,2880,TCI GLOBAL CORP,X000892,D,124.0,0,0,0,124.0,0,0.0,0.0,nan,2,0.0,0.0,nan,nan,0.0,0.0,65,127,192,124.0,0,False,I,1.92,US$,10.0,0.0,2019-12-01,2019-12-31
T479.82,VALVULA TERMOSTATICA S/OURO,TC02,VALVULAS VT,2880,TCI GLOBAL CORP,X000877,A,51.0,0,0,0,51.0,7861,0.0,8.0,nan,2,840.0,840.0,nan,nan,2.7350209896959674,0.0,65,127,192,51.0,883,False,I,7.47,US$,10.0,6274.8,2019-12-01,2019-12-31
T480.78,VALVULA TERMOSTATICA S/OURO,TC02,VALVULAS VT,13443,TEMB,X000864,B,5.0,0,0,40,-35.0,6284,0.0,12.0,nan,1601,740.0,740.0,nan,nan,1.5754296626352642,0.0,65,107,172,5.0,699,False,I,5.2,US$,10.0,3848.0,2019-12-01,2019-12-31
T481.87,VALVULA TERMOSTATICA S/OURO,TC02,VALVULAS VT,2880,TCI GLOBAL CORP,X000867,D,66.0,0,0,0,66.0,1,0.3698630136986301,0.0,nan,2,0.0,0.0,nan,nan,100.0,0.0,65,127,192,66.0,0,False,I,2.08,US$,10.0,0.0,2019-12-01,2019-12-31
